name,id_raw,id,division,group,genre,category,url
REAL CAJASUR PRIEGO TM,24,24,Superdivisión Masculina,,male,super-divisio,https://www.rfetm.es/resultados/2023-2024/view.php?eqdat=24
UNIVERSIDAD DE BURGOS - TPF,385,385,Superdivisión Masculina,,male,super-divisio,https://www.rfetm.es/resultados/2023-2024/view.php?eqdat=385
ARTEAL SANTIAGO,21,21,Superdivisión Masculina,,male,super-divisio,https://www.rfetm.es/resultados/2023-2024/view.php?eqdat=21
VISIT PONTEVEDRA,1034,1034,Superdivisión Masculina,,male,super-divisio,https://www.rfetm.es/resultados/2023-2024/view.php?eqdat=1034
C.E.R. ROBIN HAT PRISCO L´ESCALA,23,23,Superdivisión Masculina,,male,super-divisio,https://www.rfetm.es/resultados/2023-2024/view.php?eqdat=23
HORTITEC ALZIRA TT,193,193,Superdivisión Masculina,,male,super-divisio,https://www.rfetm.es/resultados/2023-2024/view.php?eqdat=193
C.T.T. OLOT - GABINET PERMAR,811,811,Superdivisión Masculina,,male,super-divisio,https://www.rfetm.es/resultados/2023-2024/view.php?eqdat=811
IRUN LEKA ENEA,39,39,Superdivisión Masculina,,male,super-divisio,https://www.rfetm.es/resultados/2023-2024/view.php?eqdat=39
SAN SEBASTIAN DE LOS REYES,1348,1348,Superdivisión Masculina,,male,super-divisio,https://www.rfetm.es/resultados/2023-2024/view.php?eqdat=1348
ALICANTE TM,73,73,Superdivisión Masculina,,male,super-divisio,https://www.rfetm.es/resultados/2023-2024/view.php?eqdat=73
ENoLI LES BORGES VALL,767,767,Superdivisión Masculina,,male,super-divisio,https://www.rfetm.es/resultados/2023-2024/view.php?eqdat=767
COLLADO MEDIANO TM /AGRUPACION DEPORTIVA,56,56,Superdivisión Masculina,,male,super-divisio,https://www.rfetm.es/resultados/2023-2024/view.php?eqdat=56
UCAM CARTAGENA TM,9,9,Liga IBERDROLA Superdivisión Femenina,,female,super-divisio,https://www.rfetm.es/resultados/2023-2024/view.php?eqdat=9
MUSEO DE LA ALMENDRA FRANCISCO MORALES,1221,1221,Liga IBERDROLA Superdivisión Femenina,,female,super-divisio,https://www.rfetm.es/resultados/2023-2024/view.php?eqdat=1221
UNIVERSIDAD DE BURGOS - RM TERÁN,14065,14065,Liga IBERDROLA Superdivisión Femenina,,female,super-divisio,https://www.rfetm.es/resultados/2023-2024/view.php?eqdat=14065
GIRBAU VIC T.T.,3,3,Liga IBERDROLA Superdivisión Femenina,,female,super-divisio,https://www.rfetm.es/resultados/2023-2024/view.php?eqdat=3
SON CLADERA TTC - MALLORCA,16215,16215,Liga IBERDROLA Superdivisión Femenina,,female,super-divisio,https://www.rfetm.es/resultados/2023-2024/view.php?eqdat=16215
MIRÓ GANXETS REUS,14054,14054,Liga IBERDROLA Superdivisión Femenina,,female,super-divisio,https://www.rfetm.es/resultados/2023-2024/view.php?eqdat=14054
UNIÓ ESPORTIVA SANT CUGAT,20191319,20191319,Liga IBERDROLA Superdivisión Femenina,,female,super-divisio,https://www.rfetm.es/resultados/2023-2024/view.php?eqdat=20191319
IRUN LEKA ENEA,1297,1297,Liga IBERDROLA Superdivisión Femenina,,female,super-divisio,https://www.rfetm.es/resultados/2023-2024/view.php?eqdat=1297
CLUB TENNIS TAULA TRAMUNTANA FIGUERES,10422,10422,Liga IBERDROLA Superdivisión Femenina,,female,super-divisio,https://www.rfetm.es/resultados/2023-2024/view.php?eqdat=10422
TECNIGEN LINARES,1052,1052,Liga IBERDROLA Superdivisión Femenina,,female,super-divisio,https://www.rfetm.es/resultados/2023-2024/view.php?eqdat=1052
HUJASE JAÉN PARAÍSO INTERIOR,14052,14052,Liga IBERDROLA Superdivisión Femenina,,female,super-divisio,https://www.rfetm.es/resultados/2023-2024/view.php?eqdat=14052
ATLÉTICO SAN SEBASTIÁN,10759,10759,División de Honor Masculina - Grupo 1,1,male,divisio-honor,https://www.rfetm.es/resultados/2023-2024/view.php?eqdat=10759
ETM HOTEL MARQUES DE SANTILLANA,1351,1351,División de Honor Masculina - Grupo 1,1,male,divisio-honor,https://www.rfetm.es/resultados/2023-2024/view.php?eqdat=1351
IRUN LEKA ENEA,139,139,División de Honor Masculina - Grupo 1,1,male,divisio-honor,https://www.rfetm.es/resultados/2023-2024/view.php?eqdat=139
GONDOMAR TM / ROSQUILLAS CRISTALEIRO,934,934,División de Honor Masculina - Grupo 1,1,male,divisio-honor,https://www.rfetm.es/resultados/2023-2024/view.php?eqdat=934
LECHE GAZA TENIS DE MESA,2018812,2018812,División de Honor Masculina - Grupo 1,1,male,divisio-honor,https://www.rfetm.es/resultados/2023-2024/view.php?eqdat=2018812
CLUB DEL MAR,937,937,División de Honor Masculina - Grupo 1,1,male,divisio-honor,https://www.rfetm.es/resultados/2023-2024/view.php?eqdat=937
ONE VISION PARLA,10770,10770,División de Honor Masculina - Grupo 1,1,male,divisio-honor,https://www.rfetm.es/resultados/2023-2024/view.php?eqdat=10770
PUBLIMAX CAI SANTIAGO T.M.,204,204,División de Honor Masculina - Grupo 1,1,male,divisio-honor,https://www.rfetm.es/resultados/2023-2024/view.php?eqdat=204
SEGHOS ESCUELA TENIS DE MESA,2017364,2017364,División de Honor Masculina - Grupo 1,1,male,divisio-honor,https://www.rfetm.es/resultados/2023-2024/view.php?eqdat=2017364
VILAGARCIA  TENIS DE MESA,126,126,División de Honor Masculina - Grupo 1,1,male,divisio-honor,https://www.rfetm.es/resultados/2023-2024/view.php?eqdat=126
UNIVERSIDAD DE BURGOS - TPF,790,790,División de Honor Masculina - Grupo 1,1,male,divisio-honor,https://www.rfetm.es/resultados/2023-2024/view.php?eqdat=790
CTM MILAGROSA,1388,1388,División de Honor Masculina - Grupo 1,1,male,divisio-honor,https://www.rfetm.es/resultados/2023-2024/view.php?eqdat=1388
SANTJOSEP.NET - SANT JORDI,911,911,División de Honor Masculina - Grupo 2,2,male,divisio-honor,https://www.rfetm.es/resultados/2023-2024/view.php?eqdat=911
LES BORGES GENERAL D'OLIS,305,305,División de Honor Masculina - Grupo 2,2,male,divisio-honor,https://www.rfetm.es/resultados/2023-2024/view.php?eqdat=305
CLUB NATACIÓ SABADELL,132,132,División de Honor Masculina - Grupo 2,2,male,divisio-honor,https://www.rfetm.es/resultados/2023-2024/view.php?eqdat=132
GIRBAU VIC T.T.,45,45,División de Honor Masculina - Grupo 2,2,male,divisio-honor,https://www.rfetm.es/resultados/2023-2024/view.php?eqdat=45
CETT ESPARREGUERA,40,40,División de Honor Masculina - Grupo 2,2,male,divisio-honor,https://www.rfetm.es/resultados/2023-2024/view.php?eqdat=40
TENNIS TAULA CASSÁ,41,41,División de Honor Masculina - Grupo 2,2,male,divisio-honor,https://www.rfetm.es/resultados/2023-2024/view.php?eqdat=41
CTT ELS AMICS TERRASSA,1272,1272,División de Honor Masculina - Grupo 2,2,male,divisio-honor,https://www.rfetm.es/resultados/2023-2024/view.php?eqdat=1272
SOSMATIC BADALONA,1072,1072,División de Honor Masculina - Grupo 2,2,male,divisio-honor,https://www.rfetm.es/resultados/2023-2024/view.php?eqdat=1072
CLUB TENNIS TAULA TRAMUNTANA FIGUERES,1016,1016,División de Honor Masculina - Grupo 2,2,male,divisio-honor,https://www.rfetm.es/resultados/2023-2024/view.php?eqdat=1016
C.T.T. OLOT - EIO,768,768,División de Honor Masculina - Grupo 2,2,male,divisio-honor,https://www.rfetm.es/resultados/2023-2024/view.php?eqdat=768
CTT MOLLERUSSA PREFABRICATS PUJOL,845,845,División de Honor Masculina - Grupo 2,2,male,divisio-honor,https://www.rfetm.es/resultados/2023-2024/view.php?eqdat=845
TERMOTUR CALELLA,150,150,División de Honor Masculina - Grupo 2,2,male,divisio-honor,https://www.rfetm.es/resultados/2023-2024/view.php?eqdat=150
AQADEM.COM,177,177,División de Honor Masculina - Grupo 3,3,male,divisio-honor,https://www.rfetm.es/resultados/2023-2024/view.php?eqdat=177
FRANCISCO R. POMARES S.L. ELCHE,234,234,División de Honor Masculina - Grupo 3,3,male,divisio-honor,https://www.rfetm.es/resultados/2023-2024/view.php?eqdat=234
CTM MURCIA,72,72,División de Honor Masculina - Grupo 3,3,male,divisio-honor,https://www.rfetm.es/resultados/2023-2024/view.php?eqdat=72
CTM VEGAS DEL GENIL,15,15,División de Honor Masculina - Grupo 3,3,male,divisio-honor,https://www.rfetm.es/resultados/2023-2024/view.php?eqdat=15
CLUB DEPORTIVO HUÉTOR VEGA TM,10312,10312,División de Honor Masculina - Grupo 3,3,male,divisio-honor,https://www.rfetm.es/resultados/2023-2024/view.php?eqdat=10312
CONSERVAS LOLA,1218,1218,División de Honor Masculina - Grupo 3,3,male,divisio-honor,https://www.rfetm.es/resultados/2023-2024/view.php?eqdat=1218
MADRID CAPITAL TM,942,942,División de Honor Masculina - Grupo 3,3,male,divisio-honor,https://www.rfetm.es/resultados/2023-2024/view.php?eqdat=942
CTM ALCALA IMPORALIA,810,810,División de Honor Masculina - Grupo 3,3,male,divisio-honor,https://www.rfetm.es/resultados/2023-2024/view.php?eqdat=810
CIRCULO MERCANTIL INDUSTRIAL DE SEVILLA,417,417,División de Honor Masculina - Grupo 3,3,male,divisio-honor,https://www.rfetm.es/resultados/2023-2024/view.php?eqdat=417
FUENCARRAL TM,20191286,20191286,División de Honor Masculina - Grupo 3,3,male,divisio-honor,https://www.rfetm.es/resultados/2023-2024/view.php?eqdat=20191286
EXTREMADURA TM ALMENDRALEJO,14,14,División de Honor Masculina - Grupo 3,3,male,divisio-honor,https://www.rfetm.es/resultados/2023-2024/view.php?eqdat=14
SAN SEBASTIAN DE LOS REYES,285,285,División de Honor Masculina - Grupo 3,3,male,divisio-honor,https://www.rfetm.es/resultados/2023-2024/view.php?eqdat=285
ETM TORRELAVEGA HOTEL MARQUES.S,581,581,División de Honor Femenina - Grupo 1,1,female,divisio-honor,https://www.rfetm.es/resultados/2023-2024/view.php?eqdat=581
CIDADE DE NARON,788,788,División de Honor Femenina - Grupo 1,1,female,divisio-honor,https://www.rfetm.es/resultados/2023-2024/view.php?eqdat=788
PONTEVEDRA T.M.HOSTEL CHARINO,1113,1113,División de Honor Femenina - Grupo 1,1,female,divisio-honor,https://www.rfetm.es/resultados/2023-2024/view.php?eqdat=1113
LA ATALAYA GIJON TENIS DE MESA,20222605,20222605,División de Honor Femenina - Grupo 1,1,female,divisio-honor,https://www.rfetm.es/resultados/2023-2024/view.php?eqdat=20222605
VISIT PONTEVEDRA,1308,1308,División de Honor Femenina - Grupo 1,1,female,divisio-honor,https://www.rfetm.es/resultados/2023-2024/view.php?eqdat=1308
FERTIBERIA-CORVERASTUR TM,2017649,2017649,División de Honor Femenina - Grupo 1,1,female,divisio-honor,https://www.rfetm.es/resultados/2023-2024/view.php?eqdat=2017649
AVILÉS TENIS DE MESA,111,111,División de Honor Femenina - Grupo 1,1,female,divisio-honor,https://www.rfetm.es/resultados/2023-2024/view.php?eqdat=111
ILLAS CÍES TM,866,866,División de Honor Femenina - Grupo 1,1,female,divisio-honor,https://www.rfetm.es/resultados/2023-2024/view.php?eqdat=866
CLUB DEL MAR DE SAN AMARO,20201857,20201857,División de Honor Femenina - Grupo 1,1,female,divisio-honor,https://www.rfetm.es/resultados/2023-2024/view.php?eqdat=20201857
CLUB TENIS DE MESA MOS,20212309,20212309,División de Honor Femenina - Grupo 1,1,female,divisio-honor,https://www.rfetm.es/resultados/2023-2024/view.php?eqdat=20212309
BOADILLA  TM CEIP TERESA BERGANZA,2018826,2018826,División de Honor Femenina - Grupo 2,2,female,divisio-honor,https://www.rfetm.es/resultados/2023-2024/view.php?eqdat=2018826
C.D.T.M. RIVAS,10828,10828,División de Honor Femenina - Grupo 2,2,female,divisio-honor,https://www.rfetm.es/resultados/2023-2024/view.php?eqdat=10828
GIRBAU VIC T.T.,16209,16209,División de Honor Femenina - Grupo 2,2,female,divisio-honor,https://www.rfetm.es/resultados/2023-2024/view.php?eqdat=16209
CENTRO NATACION HELIOS,2017545,2017545,División de Honor Femenina - Grupo 2,2,female,divisio-honor,https://www.rfetm.es/resultados/2023-2024/view.php?eqdat=2017545
SAN SEBASTIAN DE LOS REYES,20212256,20212256,División de Honor Femenina - Grupo 2,2,female,divisio-honor,https://www.rfetm.es/resultados/2023-2024/view.php?eqdat=20212256
AUTOESCOLA TATCHEPOL RIPOLLET,20222707,20222707,División de Honor Femenina - Grupo 2,2,female,divisio-honor,https://www.rfetm.es/resultados/2023-2024/view.php?eqdat=20222707
ATLÉTICO SAN SEBASTIAN,2017548,2017548,División de Honor Femenina - Grupo 2,2,female,divisio-honor,https://www.rfetm.es/resultados/2023-2024/view.php?eqdat=2017548
IMMOTÈCNICS TT ELS 8 LA GARRIGA,20212548,20212548,División de Honor Femenina - Grupo 2,2,female,divisio-honor,https://www.rfetm.es/resultados/2023-2024/view.php?eqdat=20212548
AD COLLADO MEDIANO,10203,10203,División de Honor Femenina - Grupo 2,2,female,divisio-honor,https://www.rfetm.es/resultados/2023-2024/view.php?eqdat=10203
CUBES NORTE TT,20212559,20212559,División de Honor Femenina - Grupo 2,2,female,divisio-honor,https://www.rfetm.es/resultados/2023-2024/view.php?eqdat=20212559
MUSEO DE LA ALMENDRA FRANCISCO MORALES,2017543,2017543,División de Honor Femenina - Grupo 3,3,female,divisio-honor,https://www.rfetm.es/resultados/2023-2024/view.php?eqdat=2017543
INDIANA GAMES LINARES,20191314,20191314,División de Honor Femenina - Grupo 3,3,female,divisio-honor,https://www.rfetm.es/resultados/2023-2024/view.php?eqdat=20191314
C.T.M. JEREZ,2017553,2017553,División de Honor Femenina - Grupo 3,3,female,divisio-honor,https://www.rfetm.es/resultados/2023-2024/view.php?eqdat=2017553
COVICSA-CTT SANTA EULARIA,1150,1150,División de Honor Femenina - Grupo 3,3,female,divisio-honor,https://www.rfetm.es/resultados/2023-2024/view.php?eqdat=1150
CTM ALCALÁ TRÉBOL MODA,20222882,20222882,División de Honor Femenina - Grupo 3,3,female,divisio-honor,https://www.rfetm.es/resultados/2023-2024/view.php?eqdat=20222882
SON CLADERA TTC,20191304,20191304,División de Honor Femenina - Grupo 3,3,female,divisio-honor,https://www.rfetm.es/resultados/2023-2024/view.php?eqdat=20191304
C.T.T. MEDITERRANEO-VALENCIA,117,117,División de Honor Femenina - Grupo 3,3,female,divisio-honor,https://www.rfetm.es/resultados/2023-2024/view.php?eqdat=117
TECNIGEN LINARES,1440,׎4,División de Honor Femenina - Grupo 3,3,female,divisio-honor,https://www.rfetm.es/resultados/2023-2024/view.php?eqdat=1440
HUJASE JAÉN AUTÉNTICA,16207,16207,División de Honor Femenina - Grupo 3,3,female,divisio-honor,https://www.rfetm.es/resultados/2023-2024/view.php?eqdat=16207
CD NERVION TENIS DE MESA CITY,20191255,20191255,División de Honor Femenina - Grupo 3,3,female,divisio-honor,https://www.rfetm.es/resultados/2023-2024/view.php?eqdat=20191255
CAMBADOS TENIS DE MESA,221,221,Primera División Masculina - Grupo 1,1,male,primera-nacional,https://www.rfetm.es/resultados/2023-2024/view.php?eqdat=221
PANADERÍA SANTY SIN GLUTEN,10490,10490,Primera División Masculina - Grupo 1,1,male,primera-nacional,https://www.rfetm.es/resultados/2023-2024/view.php?eqdat=10490
OROSO TM PELUQUERíA TIJE,16008,16008,Primera División Masculina - Grupo 1,1,male,primera-nacional,https://www.rfetm.es/resultados/2023-2024/view.php?eqdat=16008
CTM TABOR AÑAVINGO,74,74,Primera División Masculina - Grupo 1,1,male,primera-nacional,https://www.rfetm.es/resultados/2023-2024/view.php?eqdat=74
VISIT PONTEVEDRA,1284,1284,Primera División Masculina - Grupo 1,1,male,primera-nacional,https://www.rfetm.es/resultados/2023-2024/view.php?eqdat=1284
T.M.DEFENSE  ELECTROSATEL,329,329,Primera División Masculina - Grupo 1,1,male,primera-nacional,https://www.rfetm.es/resultados/2023-2024/view.php?eqdat=329
ETM LA FINCA,2017348,2017348,Primera División Masculina - Grupo 1,1,male,primera-nacional,https://www.rfetm.es/resultados/2023-2024/view.php?eqdat=2017348
CLUB DEPORTIVO COYANZA,20191277,20191277,Primera División Masculina - Grupo 1,1,male,primera-nacional,https://www.rfetm.es/resultados/2023-2024/view.php?eqdat=20191277
CLUB DEPORTIVO TEMESPIN,333,333,Primera División Masculina - Grupo 1,1,male,primera-nacional,https://www.rfetm.es/resultados/2023-2024/view.php?eqdat=333
MANUFACTURAS DEPORTIVAS,2018819,2018819,Primera División Masculina - Grupo 1,1,male,primera-nacional,https://www.rfetm.es/resultados/2023-2024/view.php?eqdat=2018819
CAFÉ QUIJANO GIJÓN TM,2018797,2018797,Primera División Masculina - Grupo 1,1,male,primera-nacional,https://www.rfetm.es/resultados/2023-2024/view.php?eqdat=2018797
CONXO TM  ZOOLANDIA,20191657,20191657,Primera División Masculina - Grupo 1,1,male,primera-nacional,https://www.rfetm.es/resultados/2023-2024/view.php?eqdat=20191657
SCHOOL ZARAGOZA GLOBAL SPEDITION,38,38,Primera División Masculina - Grupo 2,2,male,primera-nacional,https://www.rfetm.es/resultados/2023-2024/view.php?eqdat=38
CENTRO NATACIÓN HELIOS,178,178,Primera División Masculina - Grupo 2,2,male,primera-nacional,https://www.rfetm.es/resultados/2023-2024/view.php?eqdat=178
SCDR ANAITASUNA,20212128,20212128,Primera División Masculina - Grupo 2,2,male,primera-nacional,https://www.rfetm.es/resultados/2023-2024/view.php?eqdat=20212128
LES BORGES TT MUSEUM,10162,10162,Primera División Masculina - Grupo 2,2,male,primera-nacional,https://www.rfetm.es/resultados/2023-2024/view.php?eqdat=10162
CTM ABADIÑO - L4UKO,1335,1335,Primera División Masculina - Grupo 2,2,male,primera-nacional,https://www.rfetm.es/resultados/2023-2024/view.php?eqdat=1335
IRUN LEKA ENEA,830,830,Primera División Masculina - Grupo 2,2,male,primera-nacional,https://www.rfetm.es/resultados/2023-2024/view.php?eqdat=830
GIRBAU VIC T.T,20201663,20201663,Primera División Masculina - Grupo 2,2,male,primera-nacional,https://www.rfetm.es/resultados/2023-2024/view.php?eqdat=20201663
DARUMA LLUïSOS DE GRACIA,10586,10586,Primera División Masculina - Grupo 2,2,male,primera-nacional,https://www.rfetm.es/resultados/2023-2024/view.php?eqdat=10586
CTT TORTOSA,48,48,Primera División Masculina - Grupo 2,2,male,primera-nacional,https://www.rfetm.es/resultados/2023-2024/view.php?eqdat=48
ELMA GASTEIZ,10717,10717,Primera División Masculina - Grupo 2,2,male,primera-nacional,https://www.rfetm.es/resultados/2023-2024/view.php?eqdat=10717
CLUB NATACION PAMPLONA,142,142,Primera División Masculina - Grupo 2,2,male,primera-nacional,https://www.rfetm.es/resultados/2023-2024/view.php?eqdat=142
WELLTECH ELECTRONICS GURETALDE,101,101,Primera División Masculina - Grupo 2,2,male,primera-nacional,https://www.rfetm.es/resultados/2023-2024/view.php?eqdat=101
CENTRE NATACIO MATARO,153,153,Primera División Masculina - Grupo 3,3,male,primera-nacional,https://www.rfetm.es/resultados/2023-2024/view.php?eqdat=153
BLANXART XALOC OLESA,816,816,Primera División Masculina - Grupo 3,3,male,primera-nacional,https://www.rfetm.es/resultados/2023-2024/view.php?eqdat=816
CTT HOSPITALET VITALY,10699,10699,Primera División Masculina - Grupo 3,3,male,primera-nacional,https://www.rfetm.es/resultados/2023-2024/view.php?eqdat=10699
CLUB TENNIS TAULA LA BISBAL,14009,14009,Primera División Masculina - Grupo 3,3,male,primera-nacional,https://www.rfetm.es/resultados/2023-2024/view.php?eqdat=14009
CTT TONA PADRÓS CHEESE,815,815,Primera División Masculina - Grupo 3,3,male,primera-nacional,https://www.rfetm.es/resultados/2023-2024/view.php?eqdat=815
CLUB TENNIS TAULA BARCELONA,14016,14016,Primera División Masculina - Grupo 3,3,male,primera-nacional,https://www.rfetm.es/resultados/2023-2024/view.php?eqdat=14016
CLUB NATACIÓ SABADELL,10818,10818,Primera División Masculina - Grupo 3,3,male,primera-nacional,https://www.rfetm.es/resultados/2023-2024/view.php?eqdat=10818
CHARLOTTE'S GRILL BADALONA,66,66,Primera División Masculina - Grupo 3,3,male,primera-nacional,https://www.rfetm.es/resultados/2023-2024/view.php?eqdat=66
CTT OLOT - TRANSPORTS ESCAPA,20212123,20212123,Primera División Masculina - Grupo 3,3,male,primera-nacional,https://www.rfetm.es/resultados/2023-2024/view.php?eqdat=20212123
CLUB TENNIS TAULA TORELLÓ,165,165,Primera División Masculina - Grupo 3,3,male,primera-nacional,https://www.rfetm.es/resultados/2023-2024/view.php?eqdat=165
TERMOTUR CALELLA,262,262,Primera División Masculina - Grupo 3,3,male,primera-nacional,https://www.rfetm.es/resultados/2023-2024/view.php?eqdat=262
CETT ESPARREGUERA,64,64,Primera División Masculina - Grupo 3,3,male,primera-nacional,https://www.rfetm.es/resultados/2023-2024/view.php?eqdat=64
CLUB PALMA TENNIS TAULA,188,188,Primera División Masculina - Grupo 4,4,male,primera-nacional,https://www.rfetm.es/resultados/2023-2024/view.php?eqdat=188
LEZAMA DEMOLICIONES TEMESA C.REAL,892,892,Primera División Masculina - Grupo 4,4,male,primera-nacional,https://www.rfetm.es/resultados/2023-2024/view.php?eqdat=892
HORTITEC ALZIRA,10826,10826,Primera División Masculina - Grupo 4,4,male,primera-nacional,https://www.rfetm.es/resultados/2023-2024/view.php?eqdat=10826
AQADEM.COM,22,22,Primera División Masculina - Grupo 4,4,male,primera-nacional,https://www.rfetm.es/resultados/2023-2024/view.php?eqdat=22
CTT MANACOR GRUP ORELL,20223011,20223011,Primera División Masculina - Grupo 4,4,male,primera-nacional,https://www.rfetm.es/resultados/2023-2024/view.php?eqdat=20223011
KARTING GRANADA VEGAS DEL GENIL,20201677,20201677,Primera División Masculina - Grupo 4,4,male,primera-nacional,https://www.rfetm.es/resultados/2023-2024/view.php?eqdat=20201677
DAMA DE ELCHE OPTICA LOOK,2017338,2017338,Primera División Masculina - Grupo 4,4,male,primera-nacional,https://www.rfetm.es/resultados/2023-2024/view.php?eqdat=2017338
ALSA CARTAGENA,70,70,Primera División Masculina - Grupo 4,4,male,primera-nacional,https://www.rfetm.es/resultados/2023-2024/view.php?eqdat=70
AM SYSTEM,2018804,2018804,Primera División Masculina - Grupo 4,4,male,primera-nacional,https://www.rfetm.es/resultados/2023-2024/view.php?eqdat=2018804
THE SOLAR WORLD STAIN ABTM,16013,16013,Primera División Masculina - Grupo 4,4,male,primera-nacional,https://www.rfetm.es/resultados/2023-2024/view.php?eqdat=16013
CLUB TENNIS TAULA ALGEMESI,20201671,20201671,Primera División Masculina - Grupo 4,4,male,primera-nacional,https://www.rfetm.es/resultados/2023-2024/view.php?eqdat=20201671
TM ROQUETAS,1532,1532,Primera División Masculina - Grupo 4,4,male,primera-nacional,https://www.rfetm.es/resultados/2023-2024/view.php?eqdat=1532
C.D. TENIS DE MESA RIVAS,183,183,Primera División Masculina - Grupo 5,5,male,primera-nacional,https://www.rfetm.es/resultados/2023-2024/view.php?eqdat=183
BOADILLA  T.M. CEIP TERESA BERGANZA,20191284,20191284,Primera División Masculina - Grupo 5,5,male,primera-nacional,https://www.rfetm.es/resultados/2023-2024/view.php?eqdat=20191284
CLUB TENIS DE MESA COSLADA,20201676,20201676,Primera División Masculina - Grupo 5,5,male,primera-nacional,https://www.rfetm.es/resultados/2023-2024/view.php?eqdat=20201676
ALUCHE TM,10251,10251,Primera División Masculina - Grupo 5,5,male,primera-nacional,https://www.rfetm.es/resultados/2023-2024/view.php?eqdat=10251
FUENLABRADA TEAM TM AMMERLÄNDER,2017697,2017697,Primera División Masculina - Grupo 5,5,male,primera-nacional,https://www.rfetm.es/resultados/2023-2024/view.php?eqdat=2017697
MADRID C.T.M.,20201664,20201664,Primera División Masculina - Grupo 5,5,male,primera-nacional,https://www.rfetm.es/resultados/2023-2024/view.php?eqdat=20201664
DANIMEATS ALCOBENDAS TM,20191273,20191273,Primera División Masculina - Grupo 5,5,male,primera-nacional,https://www.rfetm.es/resultados/2023-2024/view.php?eqdat=20191273
SAN SEBASTIAN DE LOS REYES,838,838,Primera División Masculina - Grupo 5,5,male,primera-nacional,https://www.rfetm.es/resultados/2023-2024/view.php?eqdat=838
MADRID CAPITAL TM,20223010,20223010,Primera División Masculina - Grupo 5,5,male,primera-nacional,https://www.rfetm.es/resultados/2023-2024/view.php?eqdat=20223010
AD COLLADO MEDIANO,2017355,2017355,Primera División Masculina - Grupo 5,5,male,primera-nacional,https://www.rfetm.es/resultados/2023-2024/view.php?eqdat=2017355
NOROESTE - LAS ROZAS,10288,10288,Primera División Masculina - Grupo 5,5,male,primera-nacional,https://www.rfetm.es/resultados/2023-2024/view.php?eqdat=10288
TENIS DE MESA PARLA,2017771,2017771,Primera División Masculina - Grupo 5,5,male,primera-nacional,https://www.rfetm.es/resultados/2023-2024/view.php?eqdat=2017771
ATLEET-SERMA TM TALAVERA,1329,1329,Primera División Masculina - Grupo 6,6,male,primera-nacional,https://www.rfetm.es/resultados/2023-2024/view.php?eqdat=1329
GUADALSEM AMIGOS TM LEBRIJA,20201675,20201675,Primera División Masculina - Grupo 6,6,male,primera-nacional,https://www.rfetm.es/resultados/2023-2024/view.php?eqdat=20201675
C.T.M. PORTUENSE,2018811,2018811,Primera División Masculina - Grupo 6,6,male,primera-nacional,https://www.rfetm.es/resultados/2023-2024/view.php?eqdat=2018811
C.T.M BAHÍA DE CÁDIZ,20191643,20191643,Primera División Masculina - Grupo 6,6,male,primera-nacional,https://www.rfetm.es/resultados/2023-2024/view.php?eqdat=20191643
T.M. FUENTE DEL MAESTRE,10629,10629,Primera División Masculina - Grupo 6,6,male,primera-nacional,https://www.rfetm.es/resultados/2023-2024/view.php?eqdat=10629
REAL CIRCULO DE LABRADORES,20202070,20202070,Primera División Masculina - Grupo 6,6,male,primera-nacional,https://www.rfetm.es/resultados/2023-2024/view.php?eqdat=20202070
AVILÉS DIGITAL DENTAL CLINIC,20212130,20212130,Primera División Masculina - Grupo 6,6,male,primera-nacional,https://www.rfetm.es/resultados/2023-2024/view.php?eqdat=20212130
CTM POLAN-TOLEDO,20181202,20181202,Primera División Masculina - Grupo 6,6,male,primera-nacional,https://www.rfetm.es/resultados/2023-2024/view.php?eqdat=20181202
C.T.M.  TODODISCA JEREZ,14019,14019,Primera División Masculina - Grupo 6,6,male,primera-nacional,https://www.rfetm.es/resultados/2023-2024/view.php?eqdat=14019
A.D.  TRES BALCONES,454,454,Primera División Masculina - Grupo 6,6,male,primera-nacional,https://www.rfetm.es/resultados/2023-2024/view.php?eqdat=454
CIRCULO MERCANTIL E INDUSTRIAL,10469,10469,Primera División Masculina - Grupo 6,6,male,primera-nacional,https://www.rfetm.es/resultados/2023-2024/view.php?eqdat=10469
CLUB TENIS DE MESA TECNIK '87,20191454,20191454,Primera División Masculina - Grupo 6,6,male,primera-nacional,https://www.rfetm.es/resultados/2023-2024/view.php?eqdat=20191454
CINANIA TM,1260,1260,Primera División Femenina - Grupo 1,1,female,primera-nacional,https://www.rfetm.es/resultados/2023-2024/view.php?eqdat=1260
TENIS DE MESA PONTEVEDRA,20233109,20233109,Primera División Femenina - Grupo 1,1,female,primera-nacional,https://www.rfetm.es/resultados/2023-2024/view.php?eqdat=20233109
MONTE PORREIRO CONFITERIA CAPRI,10460,10460,Primera División Femenina - Grupo 1,1,female,primera-nacional,https://www.rfetm.es/resultados/2023-2024/view.php?eqdat=10460
CLUB DEL MAR DE SAN AMARO,20222991,20222991,Primera División Femenina - Grupo 1,1,female,primera-nacional,https://www.rfetm.es/resultados/2023-2024/view.php?eqdat=20222991
COFERSA CIDADE DE NARÓN,10044,10044,Primera División Femenina - Grupo 1,1,female,primera-nacional,https://www.rfetm.es/resultados/2023-2024/view.php?eqdat=10044
LUARCA TENIS DE MESA,14053,14053,Primera División Femenina - Grupo 1,1,female,primera-nacional,https://www.rfetm.es/resultados/2023-2024/view.php?eqdat=14053
OROSO MALOV TM,648,648,Primera División Femenina - Grupo 1,1,female,primera-nacional,https://www.rfetm.es/resultados/2023-2024/view.php?eqdat=648
C.T.M.CORUÑA,97,97,Primera División Femenina - Grupo 1,1,female,primera-nacional,https://www.rfetm.es/resultados/2023-2024/view.php?eqdat=97
CORVERASTUR TM,20212293,20212293,Primera División Femenina - Grupo 1,1,female,primera-nacional,https://www.rfetm.es/resultados/2023-2024/view.php?eqdat=20212293
CELTA INGENIEROS NARON,20222959,20222959,Primera División Femenina - Grupo 1,1,female,primera-nacional,https://www.rfetm.es/resultados/2023-2024/view.php?eqdat=20222959
CTM GAM FEMENINO,20212163,20212163,Primera División Femenina - Grupo 1,1,female,primera-nacional,https://www.rfetm.es/resultados/2023-2024/view.php?eqdat=20212163
MURPROTEC - ALCOBENDAS TM,20222677,20222677,Primera División Femenina - Grupo 2,2,female,primera-nacional,https://www.rfetm.es/resultados/2023-2024/view.php?eqdat=20222677
CTM ABADIÑO-EKIN,20222684,20222684,Primera División Femenina - Grupo 2,2,female,primera-nacional,https://www.rfetm.es/resultados/2023-2024/view.php?eqdat=20222684
UNIVERSIDAD DE BURGOS - RM TERÁN,20212400,20212400,Primera División Femenina - Grupo 2,2,female,primera-nacional,https://www.rfetm.es/resultados/2023-2024/view.php?eqdat=20212400
IRUN LEKA ENEA,20212511,20212511,Primera División Femenina - Grupo 2,2,female,primera-nacional,https://www.rfetm.es/resultados/2023-2024/view.php?eqdat=20212511
CDETM PROGRESO MOSTOLES,20202058,20202058,Primera División Femenina - Grupo 2,2,female,primera-nacional,https://www.rfetm.es/resultados/2023-2024/view.php?eqdat=20202058
CLUB NOROESTE - LAS ROZAS TENIS DE MESA,16213,16213,Primera División Femenina - Grupo 2,2,female,primera-nacional,https://www.rfetm.es/resultados/2023-2024/view.php?eqdat=16213
CDE ALCORCÓN TM,20222844,20222844,Primera División Femenina - Grupo 2,2,female,primera-nacional,https://www.rfetm.es/resultados/2023-2024/view.php?eqdat=20222844
SAN SEBASTIAN DE LOS REYES,20222847,20222847,Primera División Femenina - Grupo 2,2,female,primera-nacional,https://www.rfetm.es/resultados/2023-2024/view.php?eqdat=20222847
MADRID CTM,20212230,20212230,Primera División Femenina - Grupo 2,2,female,primera-nacional,https://www.rfetm.es/resultados/2023-2024/view.php?eqdat=20212230
CLUB DEPORTIVO ELEMENTAL ANTONIO MENDOZA,16211,16211,Primera División Femenina - Grupo 2,2,female,primera-nacional,https://www.rfetm.es/resultados/2023-2024/view.php?eqdat=16211
CLUB DEPORTIVO YACAL,20191256,20191256,Primera División Femenina - Grupo 2,2,female,primera-nacional,https://www.rfetm.es/resultados/2023-2024/view.php?eqdat=20191256
UNIO ESPORTIVA SANT CUGAT,20233397,20233397,Primera División Femenina - Grupo 3,3,female,primera-nacional,https://www.rfetm.es/resultados/2023-2024/view.php?eqdat=20233397
CENTRE NATACIO MATARO,110,110,Primera División Femenina - Grupo 3,3,female,primera-nacional,https://www.rfetm.es/resultados/2023-2024/view.php?eqdat=110
CAN MARIO'S BADALONA,2018837,2018837,Primera División Femenina - Grupo 3,3,female,primera-nacional,https://www.rfetm.es/resultados/2023-2024/view.php?eqdat=2018837
CTT ELS AMICS TERRASSA,2018856,2018856,Primera División Femenina - Grupo 3,3,female,primera-nacional,https://www.rfetm.es/resultados/2023-2024/view.php?eqdat=2018856
LES BORGES D.O.P. LES GARRIGUES,20201860,20201860,Primera División Femenina - Grupo 3,3,female,primera-nacional,https://www.rfetm.es/resultados/2023-2024/view.php?eqdat=20201860
COVICSA SANTA EULARIA,20233074,20233074,Primera División Femenina - Grupo 3,3,female,primera-nacional,https://www.rfetm.es/resultados/2023-2024/view.php?eqdat=20233074
AUTOESCOLA TATCHEPOL RIPOLLET,4,4,Primera División Femenina - Grupo 3,3,female,primera-nacional,https://www.rfetm.es/resultados/2023-2024/view.php?eqdat=4
SURIS CALELLA,5,5,Primera División Femenina - Grupo 3,3,female,primera-nacional,https://www.rfetm.es/resultados/2023-2024/view.php?eqdat=5
TENNIS TAULA CASSA,14055,14055,Primera División Femenina - Grupo 3,3,female,primera-nacional,https://www.rfetm.es/resultados/2023-2024/view.php?eqdat=14055
SD TENIS DE MESA DE LA ACR BINEFAR 77,20233073,20233073,Primera División Femenina - Grupo 3,3,female,primera-nacional,https://www.rfetm.es/resultados/2023-2024/view.php?eqdat=20233073
CLUB TENNIS TAULA  ATENEU 1882,1521,1521,Primera División Femenina - Grupo 3,3,female,primera-nacional,https://www.rfetm.es/resultados/2023-2024/view.php?eqdat=1521
MIRÓ GANXETS REUS,20222982,20222982,Primera División Femenina - Grupo 4,4,female,primera-nacional,https://www.rfetm.es/resultados/2023-2024/view.php?eqdat=20222982
C.D. TENIS DE MESA RIVAS PROMESAS,20233458,20233458,Primera División Femenina - Grupo 4,4,female,primera-nacional,https://www.rfetm.es/resultados/2023-2024/view.php?eqdat=20233458
LA LLEDONERA APE CERÁMICA,20212488,20212488,Primera División Femenina - Grupo 4,4,female,primera-nacional,https://www.rfetm.es/resultados/2023-2024/view.php?eqdat=20212488
EIVISSA-PATRIMONI DE LA HUMANITAT,2018889,2018889,Primera División Femenina - Grupo 4,4,female,primera-nacional,https://www.rfetm.es/resultados/2023-2024/view.php?eqdat=2018889
REUS DEPORTIU,20222739,20222739,Primera División Femenina - Grupo 4,4,female,primera-nacional,https://www.rfetm.es/resultados/2023-2024/view.php?eqdat=20222739
CLUB TENIS TAULA CAMBRILS-OLEASTRUM,20233345,20233345,Primera División Femenina - Grupo 4,4,female,primera-nacional,https://www.rfetm.es/resultados/2023-2024/view.php?eqdat=20233345
CLUB REQUENA SPIN TENIS DE MESA,20233449,20233449,Primera División Femenina - Grupo 4,4,female,primera-nacional,https://www.rfetm.es/resultados/2023-2024/view.php?eqdat=20233449
"MIRÓ GANXETS REUS ""A""",2018827,2018827,Primera División Femenina - Grupo 4,4,female,primera-nacional,https://www.rfetm.es/resultados/2023-2024/view.php?eqdat=2018827
ALUCHE TM,2018886,2018886,Primera División Femenina - Grupo 4,4,female,primera-nacional,https://www.rfetm.es/resultados/2023-2024/view.php?eqdat=2018886
FUENCARRAL TM,20222788,20222788,Primera División Femenina - Grupo 4,4,female,primera-nacional,https://www.rfetm.es/resultados/2023-2024/view.php?eqdat=20222788
"REAL CIRCULO DE LABRADORES ""A""",20212537,20212537,Primera División Femenina - Grupo 5,5,female,primera-nacional,https://www.rfetm.es/resultados/2023-2024/view.php?eqdat=20212537
CLUB TENIS DE MESA ALCAZAR,2018934,2018934,Primera División Femenina - Grupo 5,5,female,primera-nacional,https://www.rfetm.es/resultados/2023-2024/view.php?eqdat=2018934
A.D.  TRES BALCONES,20201870,20201870,Primera División Femenina - Grupo 5,5,female,primera-nacional,https://www.rfetm.es/resultados/2023-2024/view.php?eqdat=20201870
T.M. VILLAFRANCA-CATERING LA GRANFAMILIA,2017685,2017685,Primera División Femenina - Grupo 5,5,female,primera-nacional,https://www.rfetm.es/resultados/2023-2024/view.php?eqdat=2017685
"REAL CIRCULO DE LABRADORES ""B""",20191404,20191404,Primera División Femenina - Grupo 5,5,female,primera-nacional,https://www.rfetm.es/resultados/2023-2024/view.php?eqdat=20191404
TENIS DE MESA FUENTE DE CANTOS,20191449,20191449,Primera División Femenina - Grupo 5,5,female,primera-nacional,https://www.rfetm.es/resultados/2023-2024/view.php?eqdat=20191449
CIRCULO MERCANTIL E INDUSTRIAL,16202,16202,Primera División Femenina - Grupo 5,5,female,primera-nacional,https://www.rfetm.es/resultados/2023-2024/view.php?eqdat=16202
CD NERVION TENIS DE MESA CITY,20222978,20222978,Primera División Femenina - Grupo 5,5,female,primera-nacional,https://www.rfetm.es/resultados/2023-2024/view.php?eqdat=20222978
A.D.  TRES BALCONES B,1184,1184,Primera División Femenina - Grupo 5,5,female,primera-nacional,https://www.rfetm.es/resultados/2023-2024/view.php?eqdat=1184
ESCUELA TIERRA DE BARROS TENIS DE MESA,20191419,20191419,Primera División Femenina - Grupo 5,5,female,primera-nacional,https://www.rfetm.es/resultados/2023-2024/view.php?eqdat=20191419
CTM RODEO PETROGOLD CÁCERES,20233208,20233208,Primera División Femenina - Grupo 5,5,female,primera-nacional,https://www.rfetm.es/resultados/2023-2024/view.php?eqdat=20233208
CIUDAD TENIS DE MESA TOMARES,20233451,20233451,Primera División Femenina - Grupo 5,5,female,primera-nacional,https://www.rfetm.es/resultados/2023-2024/view.php?eqdat=20233451
TABOR- ARAFO SOMOSIDENTIDAD,20212246,20212246,Primera División Femenina - Grupo 6,6,female,primera-nacional,https://www.rfetm.es/resultados/2023-2024/view.php?eqdat=20212246
INDIANA GAMES LINARES,20201878,20201878,Primera División Femenina - Grupo 6,6,female,primera-nacional,https://www.rfetm.es/resultados/2023-2024/view.php?eqdat=20201878
RESTAURANTE VENTUCCIO - CTM JAEN,20222961,20222961,Primera División Femenina - Grupo 6,6,female,primera-nacional,https://www.rfetm.es/resultados/2023-2024/view.php?eqdat=20222961
FUNDACIÓN SANDO NOVACARTAMA TM,20222977,20222977,Primera División Femenina - Grupo 6,6,female,primera-nacional,https://www.rfetm.es/resultados/2023-2024/view.php?eqdat=20222977
C.T.M. JEREZ,20212207,20212207,Primera División Femenina - Grupo 6,6,female,primera-nacional,https://www.rfetm.es/resultados/2023-2024/view.php?eqdat=20212207
TECNIGEN LINARES,14051,14051,Primera División Femenina - Grupo 6,6,female,primera-nacional,https://www.rfetm.es/resultados/2023-2024/view.php?eqdat=14051
TEMESPIN LOS LLANOS DE ARIDANE,20212243,20212243,Primera División Femenina - Grupo 6,6,female,primera-nacional,https://www.rfetm.es/resultados/2023-2024/view.php?eqdat=20212243
T.M.DEFENSE NOVA INFORMÁTICA,20212249,20212249,Primera División Femenina - Grupo 6,6,female,primera-nacional,https://www.rfetm.es/resultados/2023-2024/view.php?eqdat=20212249
CLAN TECH2 TM CARTAGENA,20191626,20191626,Primera División Femenina - Grupo 6,6,female,primera-nacional,https://www.rfetm.es/resultados/2023-2024/view.php?eqdat=20191626
CTM HUERCAL DE ALMERIA,2017552,2017552,Primera División Femenina - Grupo 6,6,female,primera-nacional,https://www.rfetm.es/resultados/2023-2024/view.php?eqdat=2017552
KARTING GRANADA - VEGAS DEL GENIL,20212484,20212484,Primera División Femenina - Grupo 6,6,female,primera-nacional,https://www.rfetm.es/resultados/2023-2024/view.php?eqdat=20212484
VILAGARCIA TENIS DE MESA,10537,10537,Segunda División Masculina - Grupo 1,1,male,segona-nacional,https://www.rfetm.es/resultados/2023-2024/view.php?eqdat=10537
OROSO TM MADEIRAS IRMÁNS CASTROS,10507,10507,Segunda División Masculina - Grupo 1,1,male,segona-nacional,https://www.rfetm.es/resultados/2023-2024/view.php?eqdat=10507
ARTEAL,1274,1274,Segunda División Masculina - Grupo 1,1,male,segona-nacional,https://www.rfetm.es/resultados/2023-2024/view.php?eqdat=1274
CD DEZ PORTAS CAIXA RURAL GALEGA,1447,׎;,Segunda División Masculina - Grupo 1,1,male,segona-nacional,https://www.rfetm.es/resultados/2023-2024/view.php?eqdat=1447
AD ZAS PONCIANO NIETO,960,960,Segunda División Masculina - Grupo 1,1,male,segona-nacional,https://www.rfetm.es/resultados/2023-2024/view.php?eqdat=960
CLUB DEL MAR DE SAN AMARO,20222985,20222985,Segunda División Masculina - Grupo 1,1,male,segona-nacional,https://www.rfetm.es/resultados/2023-2024/view.php?eqdat=20222985
TIJERITAS LA PELU DE SIXTO,20222589,20222589,Segunda División Masculina - Grupo 1,1,male,segona-nacional,https://www.rfetm.es/resultados/2023-2024/view.php?eqdat=20222589
TM MONTE PORREIRO,20181034,20181034,Segunda División Masculina - Grupo 1,1,male,segona-nacional,https://www.rfetm.es/resultados/2023-2024/view.php?eqdat=20181034
CONCELLO DE CAMBADOS,2018798,2018798,Segunda División Masculina - Grupo 1,1,male,segona-nacional,https://www.rfetm.es/resultados/2023-2024/view.php?eqdat=2018798
CTM BREOGAN OLEIROS,2018795,2018795,Segunda División Masculina - Grupo 1,1,male,segona-nacional,https://www.rfetm.es/resultados/2023-2024/view.php?eqdat=2018795
CTM VIGO,2018796,2018796,Segunda División Masculina - Grupo 1,1,male,segona-nacional,https://www.rfetm.es/resultados/2023-2024/view.php?eqdat=2018796
TENIS DE MESA TUY,20191282,20191282,Segunda División Masculina - Grupo 1,1,male,segona-nacional,https://www.rfetm.es/resultados/2023-2024/view.php?eqdat=20191282
C.D. TENIS DE MESA RIVAS,704,704,Segunda División Masculina - Grupo 2,2,male,segona-nacional,https://www.rfetm.es/resultados/2023-2024/view.php?eqdat=704
LUARCA TENIS DE MESA,1453,׎w,Segunda División Masculina - Grupo 2,2,male,segona-nacional,https://www.rfetm.es/resultados/2023-2024/view.php?eqdat=1453
ALUCHE TM B,10531,10531,Segunda División Masculina - Grupo 2,2,male,segona-nacional,https://www.rfetm.es/resultados/2023-2024/view.php?eqdat=10531
C.D. PISUERGA / DRAGO TT,10291,10291,Segunda División Masculina - Grupo 2,2,male,segona-nacional,https://www.rfetm.es/resultados/2023-2024/view.php?eqdat=10291
MADRID C.T.M.,287,287,Segunda División Masculina - Grupo 2,2,male,segona-nacional,https://www.rfetm.es/resultados/2023-2024/view.php?eqdat=287
SAN SEBASTIAN DE LOS REYES,20201889,20201889,Segunda División Masculina - Grupo 2,2,male,segona-nacional,https://www.rfetm.es/resultados/2023-2024/view.php?eqdat=20201889
CLUB DEPORTIVO COYANZA,20233055,20233055,Segunda División Masculina - Grupo 2,2,male,segona-nacional,https://www.rfetm.es/resultados/2023-2024/view.php?eqdat=20233055
CTM ZAMORA-CAJA RURAL,16025,16025,Segunda División Masculina - Grupo 2,2,male,segona-nacional,https://www.rfetm.es/resultados/2023-2024/view.php?eqdat=16025
CLUB ATLÉTICO LEÓN - VIRGEN DEL CAMINO,2017359,2017359,Segunda División Masculina - Grupo 2,2,male,segona-nacional,https://www.rfetm.es/resultados/2023-2024/view.php?eqdat=2017359
CLUB AVILÉS TENIS DE MESA,10702,10702,Segunda División Masculina - Grupo 2,2,male,segona-nacional,https://www.rfetm.es/resultados/2023-2024/view.php?eqdat=10702
CLUB TENIS DE MESA CABRERIZOS,14021,14021,Segunda División Masculina - Grupo 2,2,male,segona-nacional,https://www.rfetm.es/resultados/2023-2024/view.php?eqdat=14021
CORVERASTUR TM,10742,10742,Segunda División Masculina - Grupo 2,2,male,segona-nacional,https://www.rfetm.es/resultados/2023-2024/view.php?eqdat=10742
FONTANERIA IRURIETA BERAUN ERRENTERIA TM A,2018807,2018807,Segunda División Masculina - Grupo 3,3,male,segona-nacional,https://www.rfetm.es/resultados/2023-2024/view.php?eqdat=2018807
FONTANERIA IRURIETA BERAUN-ERRENTERIA TM B,2017365,2017365,Segunda División Masculina - Grupo 3,3,male,segona-nacional,https://www.rfetm.es/resultados/2023-2024/view.php?eqdat=2017365
C.D FORTUNA K.E - SUPER AMARA A,10015,10015,Segunda División Masculina - Grupo 3,3,male,segona-nacional,https://www.rfetm.es/resultados/2023-2024/view.php?eqdat=10015
CLUB TENIS DE MESA BASAURI,20201668,20201668,Segunda División Masculina - Grupo 3,3,male,segona-nacional,https://www.rfetm.es/resultados/2023-2024/view.php?eqdat=20201668
ETM AMADIS,10140,10140,Segunda División Masculina - Grupo 3,3,male,segona-nacional,https://www.rfetm.es/resultados/2023-2024/view.php?eqdat=10140
RODAMIENTOS ARIZTI GASTEIZ,859,859,Segunda División Masculina - Grupo 3,3,male,segona-nacional,https://www.rfetm.es/resultados/2023-2024/view.php?eqdat=859
PORTUGALETE ANGULO DELIKATESSEN,20191288,20191288,Segunda División Masculina - Grupo 3,3,male,segona-nacional,https://www.rfetm.es/resultados/2023-2024/view.php?eqdat=20191288
C.D FORTUNA K.E - SUPER AMARA B,20233046,20233046,Segunda División Masculina - Grupo 3,3,male,segona-nacional,https://www.rfetm.es/resultados/2023-2024/view.php?eqdat=20233046
UNIVERSIDAD DE BURGOS - TPF,20191583,20191583,Segunda División Masculina - Grupo 3,3,male,segona-nacional,https://www.rfetm.es/resultados/2023-2024/view.php?eqdat=20191583
CLUB DEPORTIVO ARTXANDAKO MAHAI TENISA,2017336,2017336,Segunda División Masculina - Grupo 3,3,male,segona-nacional,https://www.rfetm.es/resultados/2023-2024/view.php?eqdat=2017336
BASAURI URBI,20233045,20233045,Segunda División Masculina - Grupo 3,3,male,segona-nacional,https://www.rfetm.es/resultados/2023-2024/view.php?eqdat=20233045
CLUB DEPORTIVO TENIS DE MESA LAUTARO,1509,ם=,Segunda División Masculina - Grupo 3,3,male,segona-nacional,https://www.rfetm.es/resultados/2023-2024/view.php?eqdat=1509
ATLETICO SAN SEBASTIAN,16100,16100,Segunda División Masculina - Grupo 4,4,male,segona-nacional,https://www.rfetm.es/resultados/2023-2024/view.php?eqdat=16100
C.T.T SALLENT.RESET,16017,16017,Segunda División Masculina - Grupo 4,4,male,segona-nacional,https://www.rfetm.es/resultados/2023-2024/view.php?eqdat=16017
PUBLIMAX CAI SANTIAGO T.M.,1078,1078,Segunda División Masculina - Grupo 4,4,male,segona-nacional,https://www.rfetm.es/resultados/2023-2024/view.php?eqdat=1078
LES BORGES MASIA TERO,20233031,20233031,Segunda División Masculina - Grupo 4,4,male,segona-nacional,https://www.rfetm.es/resultados/2023-2024/view.php?eqdat=20233031
IRUN LEKA ENEA,20212127,20212127,Segunda División Masculina - Grupo 4,4,male,segona-nacional,https://www.rfetm.es/resultados/2023-2024/view.php?eqdat=20212127
SCHOOL ZARAGOZA GLOBAL SPEDITION,20222600,20222600,Segunda División Masculina - Grupo 4,4,male,segona-nacional,https://www.rfetm.es/resultados/2023-2024/view.php?eqdat=20222600
CENTRO NATACIÓN HELIOS,144,144,Segunda División Masculina - Grupo 4,4,male,segona-nacional,https://www.rfetm.es/resultados/2023-2024/view.php?eqdat=144
"SOLARFAM OBERENA ""A""",2017335,2017335,Segunda División Masculina - Grupo 4,4,male,segona-nacional,https://www.rfetm.es/resultados/2023-2024/view.php?eqdat=2017335
A.D. SCHOOL ZARAGOZA TENIS DE MESA,20233473,20233473,Segunda División Masculina - Grupo 4,4,male,segona-nacional,https://www.rfetm.es/resultados/2023-2024/view.php?eqdat=20233473
TENIS DE MESA MONZON,20233056,20233056,Segunda División Masculina - Grupo 4,4,male,segona-nacional,https://www.rfetm.es/resultados/2023-2024/view.php?eqdat=20233056
"CLUB DEPORTIVO OBERENA ""B""",141,141,Segunda División Masculina - Grupo 4,4,male,segona-nacional,https://www.rfetm.es/resultados/2023-2024/view.php?eqdat=141
CLUB NATACION PAMPLONA,2017344,2017344,Segunda División Masculina - Grupo 4,4,male,segona-nacional,https://www.rfetm.es/resultados/2023-2024/view.php?eqdat=2017344
C.T.T. ATENEU 1882,151,151,Segunda División Masculina - Grupo 5,5,male,segona-nacional,https://www.rfetm.es/resultados/2023-2024/view.php?eqdat=151
VALLS DEL NORD ORX,20233029,20233029,Segunda División Masculina - Grupo 5,5,male,segona-nacional,https://www.rfetm.es/resultados/2023-2024/view.php?eqdat=20233029
UNIÓ ESPORTIVA SANT CUGAT A,719,719,Segunda División Masculina - Grupo 5,5,male,segona-nacional,https://www.rfetm.es/resultados/2023-2024/view.php?eqdat=719
CLUB TENNIS TAULA TRAMUNTANA FIGUERES,2017750,2017750,Segunda División Masculina - Grupo 5,5,male,segona-nacional,https://www.rfetm.es/resultados/2023-2024/view.php?eqdat=2017750
CTT ELS AMICS TERRASSA,20201872,20201872,Segunda División Masculina - Grupo 5,5,male,segona-nacional,https://www.rfetm.es/resultados/2023-2024/view.php?eqdat=20201872
CLINICA DENTAL VIRGEN DEL PILAR RIPOLLET,16001,16001,Segunda División Masculina - Grupo 5,5,male,segona-nacional,https://www.rfetm.es/resultados/2023-2024/view.php?eqdat=16001
ICELAND TT ELS 8 LA GARRIGA,16002,16002,Segunda División Masculina - Grupo 5,5,male,segona-nacional,https://www.rfetm.es/resultados/2023-2024/view.php?eqdat=16002
CTT HOSPITALET VITALY,20201703,20201703,Segunda División Masculina - Grupo 5,5,male,segona-nacional,https://www.rfetm.es/resultados/2023-2024/view.php?eqdat=20201703
SCR EL CIERVO,2018792,2018792,Segunda División Masculina - Grupo 5,5,male,segona-nacional,https://www.rfetm.es/resultados/2023-2024/view.php?eqdat=2018792
CTT CARDEDEU EIG,2018801,2018801,Segunda División Masculina - Grupo 5,5,male,segona-nacional,https://www.rfetm.es/resultados/2023-2024/view.php?eqdat=2018801
FALCONS SABADELL - SMATSA AGORA GRUP,10348,10348,Segunda División Masculina - Grupo 5,5,male,segona-nacional,https://www.rfetm.es/resultados/2023-2024/view.php?eqdat=10348
CLUB TENNIS TAULA ENCAMP,50102,50102,Segunda División Masculina - Grupo 5,5,male,segona-nacional,https://www.rfetm.es/resultados/2023-2024/view.php?eqdat=50102
UNIÓ ESPORTIVA SANT CUGAT B,1270,1270,Segunda División Masculina - Grupo 6,6,male,segona-nacional,https://www.rfetm.es/resultados/2023-2024/view.php?eqdat=1270
CLUB TENNIS DE TAULA VILAFRANCA,764,764,Segunda División Masculina - Grupo 6,6,male,segona-nacional,https://www.rfetm.es/resultados/2023-2024/view.php?eqdat=764
VIAJES TANIT - PORTMANY,20181208,20181208,Segunda División Masculina - Grupo 6,6,male,segona-nacional,https://www.rfetm.es/resultados/2023-2024/view.php?eqdat=20181208
SON CLADERA TTC,10209,10209,Segunda División Masculina - Grupo 6,6,male,segona-nacional,https://www.rfetm.es/resultados/2023-2024/view.php?eqdat=10209
CENTRE NATACIO MATARO,759,759,Segunda División Masculina - Grupo 6,6,male,segona-nacional,https://www.rfetm.es/resultados/2023-2024/view.php?eqdat=759
ASSOCIACIO TENNIS DE TAULA PREMIA DE MAR,43,43,Segunda División Masculina - Grupo 6,6,male,segona-nacional,https://www.rfetm.es/resultados/2023-2024/view.php?eqdat=43
MIRÓ GANXETS REUS,157,157,Segunda División Masculina - Grupo 6,6,male,segona-nacional,https://www.rfetm.es/resultados/2023-2024/view.php?eqdat=157
CLUB NATACIO SABADELL,2018791,2018791,Segunda División Masculina - Grupo 6,6,male,segona-nacional,https://www.rfetm.es/resultados/2023-2024/view.php?eqdat=2018791
CTT VILANOVA,2017340,2017340,Segunda División Masculina - Grupo 6,6,male,segona-nacional,https://www.rfetm.es/resultados/2023-2024/view.php?eqdat=2017340
TENNIS TAULA PARETS,60,60,Segunda División Masculina - Grupo 6,6,male,segona-nacional,https://www.rfetm.es/resultados/2023-2024/view.php?eqdat=60
CLUB PING PONG IGUALADA,2017342,2017342,Segunda División Masculina - Grupo 6,6,male,segona-nacional,https://www.rfetm.es/resultados/2023-2024/view.php?eqdat=2017342
ASSOC. EXC. CAT. DE REUS,20233498,20233498,Segunda División Masculina - Grupo 6,6,male,segona-nacional,https://www.rfetm.es/resultados/2023-2024/view.php?eqdat=20233498
LA TORRETA TENIS DE MESA,138,138,Segunda División Masculina - Grupo 7,7,male,segona-nacional,https://www.rfetm.es/resultados/2023-2024/view.php?eqdat=138
CASTELLÓ APE CERÁMICA,10144,10144,Segunda División Masculina - Grupo 7,7,male,segona-nacional,https://www.rfetm.es/resultados/2023-2024/view.php?eqdat=10144
CANALONES TARANCÓN TENIS DE MESA,20222983,20222983,Segunda División Masculina - Grupo 7,7,male,segona-nacional,https://www.rfetm.es/resultados/2023-2024/view.php?eqdat=20222983
"CTM ALCOY TAIA, S.L.",2018816,2018816,Segunda División Masculina - Grupo 7,7,male,segona-nacional,https://www.rfetm.es/resultados/2023-2024/view.php?eqdat=2018816
CTT ALZIRA CAMARENA,20212122,20212122,Segunda División Masculina - Grupo 7,7,male,segona-nacional,https://www.rfetm.es/resultados/2023-2024/view.php?eqdat=20212122
CLUB TENNIS TAULA SANTISIMO SALVADOR,20233039,20233039,Segunda División Masculina - Grupo 7,7,male,segona-nacional,https://www.rfetm.es/resultados/2023-2024/view.php?eqdat=20233039
TENNIS DE TAULA BURJASSOT VALENCIA,531,531,Segunda División Masculina - Grupo 7,7,male,segona-nacional,https://www.rfetm.es/resultados/2023-2024/view.php?eqdat=531
CLUB TENIS MESA ELDA,20212121,20212121,Segunda División Masculina - Grupo 7,7,male,segona-nacional,https://www.rfetm.es/resultados/2023-2024/view.php?eqdat=20212121
COLLA ESPORTIVA CORRIOL OLIVA,20233476,20233476,Segunda División Masculina - Grupo 7,7,male,segona-nacional,https://www.rfetm.es/resultados/2023-2024/view.php?eqdat=20233476
CD VALENCIA TM,20212521,20212521,Segunda División Masculina - Grupo 7,7,male,segona-nacional,https://www.rfetm.es/resultados/2023-2024/view.php?eqdat=20212521
CLUB TENNIS TAULA DE LA POBLA DE VALLBONA,20233419,20233419,Segunda División Masculina - Grupo 7,7,male,segona-nacional,https://www.rfetm.es/resultados/2023-2024/view.php?eqdat=20233419
RUJAMAR TENIS DE MESA CUENCA,20233052,20233052,Segunda División Masculina - Grupo 7,7,male,segona-nacional,https://www.rfetm.es/resultados/2023-2024/view.php?eqdat=20233052
BOADILLA TENIS MESA TERESA BERGANZA,20233037,20233037,Segunda División Masculina - Grupo 8,8,male,segona-nacional,https://www.rfetm.es/resultados/2023-2024/view.php?eqdat=20233037
FUENCARRAL TM,20222584,20222584,Segunda División Masculina - Grupo 8,8,male,segona-nacional,https://www.rfetm.es/resultados/2023-2024/view.php?eqdat=20222584
CDE ALCORCÓN TM,2018818,2018818,Segunda División Masculina - Grupo 8,8,male,segona-nacional,https://www.rfetm.es/resultados/2023-2024/view.php?eqdat=2018818
ALUCHE TM,2018800,2018800,Segunda División Masculina - Grupo 8,8,male,segona-nacional,https://www.rfetm.es/resultados/2023-2024/view.php?eqdat=2018800
CLUB TENIS MESA GETAFE,20233060,20233060,Segunda División Masculina - Grupo 8,8,male,segona-nacional,https://www.rfetm.es/resultados/2023-2024/view.php?eqdat=20233060
T.M. DAGANZO,20181213,20181213,Segunda División Masculina - Grupo 8,8,male,segona-nacional,https://www.rfetm.es/resultados/2023-2024/view.php?eqdat=20181213
C.T.M. COSLADA,54,54,Segunda División Masculina - Grupo 8,8,male,segona-nacional,https://www.rfetm.es/resultados/2023-2024/view.php?eqdat=54
NS SAN SEBASTIAN DE LOS REYES,2018799,2018799,Segunda División Masculina - Grupo 8,8,male,segona-nacional,https://www.rfetm.es/resultados/2023-2024/view.php?eqdat=2018799
DANIMEATS ALCOBENDAS TM,16014,16014,Segunda División Masculina - Grupo 8,8,male,segona-nacional,https://www.rfetm.es/resultados/2023-2024/view.php?eqdat=16014
TENIS DE MESA USERA,20233036,20233036,Segunda División Masculina - Grupo 8,8,male,segona-nacional,https://www.rfetm.es/resultados/2023-2024/view.php?eqdat=20233036
CLUB FUENLABRADA EL TRIGAL T.M.,20191285,20191285,Segunda División Masculina - Grupo 8,8,male,segona-nacional,https://www.rfetm.es/resultados/2023-2024/view.php?eqdat=20191285
CDE CUBES NORTE TT,20233503,20233503,Segunda División Masculina - Grupo 8,8,male,segona-nacional,https://www.rfetm.es/resultados/2023-2024/view.php?eqdat=20233503
"DON BENITO T.M. ""B""",20191280,20191280,Segunda División Masculina - Grupo 9,9,male,segona-nacional,https://www.rfetm.es/resultados/2023-2024/view.php?eqdat=20191280
TENIS DE MESA PUERTOLLANO,787,787,Segunda División Masculina - Grupo 9,9,male,segona-nacional,https://www.rfetm.es/resultados/2023-2024/view.php?eqdat=787
LEZAMA DEMOLICIONES TEMESA C.REAL,10776,10776,Segunda División Masculina - Grupo 9,9,male,segona-nacional,https://www.rfetm.es/resultados/2023-2024/view.php?eqdat=10776
"DON BENITO T.M. ""A""",1370,1370,Segunda División Masculina - Grupo 9,9,male,segona-nacional,https://www.rfetm.es/resultados/2023-2024/view.php?eqdat=1370
CLUB VIVE TOMELLOSO BODEGAS DINASTÍA,502,502,Segunda División Masculina - Grupo 9,9,male,segona-nacional,https://www.rfetm.es/resultados/2023-2024/view.php?eqdat=502
T.M. VILLAFRANCA-CATERING LA GRANFAMILIA,20233050,20233050,Segunda División Masculina - Grupo 9,9,male,segona-nacional,https://www.rfetm.es/resultados/2023-2024/view.php?eqdat=20233050
T.M. FUENTE DEL MAESTRE VITALFIT,20222573,20222573,Segunda División Masculina - Grupo 9,9,male,segona-nacional,https://www.rfetm.es/resultados/2023-2024/view.php?eqdat=20222573
CLUB TENIS DE MESA ALMENDRALEJO,20233049,20233049,Segunda División Masculina - Grupo 9,9,male,segona-nacional,https://www.rfetm.es/resultados/2023-2024/view.php?eqdat=20233049
CTM RODEO PETROGOLD DE CÁCERES,20222574,20222574,Segunda División Masculina - Grupo 9,9,male,segona-nacional,https://www.rfetm.es/resultados/2023-2024/view.php?eqdat=20222574
CLUB TENIS DE MESA ALCAZAR,2017362,2017362,Segunda División Masculina - Grupo 9,9,male,segona-nacional,https://www.rfetm.es/resultados/2023-2024/view.php?eqdat=2017362
ASOCIACION DEPORTIVA LOS TRES BALCONES,20201667,20201667,Segunda División Masculina - Grupo 9,9,male,segona-nacional,https://www.rfetm.es/resultados/2023-2024/view.php?eqdat=20201667
INPRE – RSA ALSINA,20233041,20233041,Segunda División Masculina - Grupo 10,10,male,segona-nacional,https://www.rfetm.es/resultados/2023-2024/view.php?eqdat=20233041
AQADEM.COM LINARES,20233042,20233042,Segunda División Masculina - Grupo 10,10,male,segona-nacional,https://www.rfetm.es/resultados/2023-2024/view.php?eqdat=20233042
RC LABRADORES,87,87,Segunda División Masculina - Grupo 10,10,male,segona-nacional,https://www.rfetm.es/resultados/2023-2024/view.php?eqdat=87
MARMOLEJO INSTALACIONES ELECTRICAS LOMAR,20202034,20202034,Segunda División Masculina - Grupo 10,10,male,segona-nacional,https://www.rfetm.es/resultados/2023-2024/view.php?eqdat=20202034
CLUB TENIS DE MESA MAZDA JEREZ,20201928,20201928,Segunda División Masculina - Grupo 10,10,male,segona-nacional,https://www.rfetm.es/resultados/2023-2024/view.php?eqdat=20201928
C.D. CORDOBA-81 T.M.,10604,10604,Segunda División Masculina - Grupo 10,10,male,segona-nacional,https://www.rfetm.es/resultados/2023-2024/view.php?eqdat=10604
NATURAL SYSTEMS TM,20233486,20233486,Segunda División Masculina - Grupo 10,10,male,segona-nacional,https://www.rfetm.es/resultados/2023-2024/view.php?eqdat=20233486
CTM CHICLANA FUNDACION VIPREN,557,557,Segunda División Masculina - Grupo 10,10,male,segona-nacional,https://www.rfetm.es/resultados/2023-2024/view.php?eqdat=557
TECNIGEN LINARES,20202097,20202097,Segunda División Masculina - Grupo 10,10,male,segona-nacional,https://www.rfetm.es/resultados/2023-2024/view.php?eqdat=20202097
CLUB TENIS DE MESA PORTUENSE,84,84,Segunda División Masculina - Grupo 10,10,male,segona-nacional,https://www.rfetm.es/resultados/2023-2024/view.php?eqdat=84
CLUB DEPORTIVO GINES,20233425,20233425,Segunda División Masculina - Grupo 10,10,male,segona-nacional,https://www.rfetm.es/resultados/2023-2024/view.php?eqdat=20233425
CDDA HISPANIDAD,20233495,20233495,Segunda División Masculina - Grupo 10,10,male,segona-nacional,https://www.rfetm.es/resultados/2023-2024/view.php?eqdat=20233495
ALICANTE TM,186,186,Segunda División Masculina - Grupo 11,11,male,segona-nacional,https://www.rfetm.es/resultados/2023-2024/view.php?eqdat=186
FRAMUSA TOTANA TM,16338,16338,Segunda División Masculina - Grupo 11,11,male,segona-nacional,https://www.rfetm.es/resultados/2023-2024/view.php?eqdat=16338
CTM ALTIPLANO YECLA,2018814,2018814,Segunda División Masculina - Grupo 11,11,male,segona-nacional,https://www.rfetm.es/resultados/2023-2024/view.php?eqdat=2018814
CLUB TENIS DE MESA DAMA DE ELCHE,20212120,20212120,Segunda División Masculina - Grupo 11,11,male,segona-nacional,https://www.rfetm.es/resultados/2023-2024/view.php?eqdat=20212120
EL PALMAR MURCIA,20212125,20212125,Segunda División Masculina - Grupo 11,11,male,segona-nacional,https://www.rfetm.es/resultados/2023-2024/view.php?eqdat=20212125
ALSA CARTAGENA TM,977,977,Segunda División Masculina - Grupo 11,11,male,segona-nacional,https://www.rfetm.es/resultados/2023-2024/view.php?eqdat=977
CTM CIUDAD DE GRANADA,223,223,Segunda División Masculina - Grupo 11,11,male,segona-nacional,https://www.rfetm.es/resultados/2023-2024/view.php?eqdat=223
CTM ILICITANO,2017357,2017357,Segunda División Masculina - Grupo 11,11,male,segona-nacional,https://www.rfetm.es/resultados/2023-2024/view.php?eqdat=2017357
FRAMUSA TOTANA B,16022,16022,Segunda División Masculina - Grupo 11,11,male,segona-nacional,https://www.rfetm.es/resultados/2023-2024/view.php?eqdat=16022
ASOCIACION DEPORTIVA ELIOCROCA LORCA TM,20191287,20191287,Segunda División Masculina - Grupo 11,11,male,segona-nacional,https://www.rfetm.es/resultados/2023-2024/view.php?eqdat=20191287
CLUB TENIS DE MESA VEGAS DEL GENIL,20191274,20191274,Segunda División Masculina - Grupo 11,11,male,segona-nacional,https://www.rfetm.es/resultados/2023-2024/view.php?eqdat=20191274
"CLUB TENIS MESA ROQUETAS ""A""",20212129,20212129,Segunda División Masculina - Grupo 11,11,male,segona-nacional,https://www.rfetm.es/resultados/2023-2024/view.php?eqdat=20212129
CTM TENEGUIA,20191584,20191584,Segunda División Masculina - Grupo 12,12,male,segona-nacional,https://www.rfetm.es/resultados/2023-2024/view.php?eqdat=20191584
CTM TABOR AÑAVINGO,14001,14001,Segunda División Masculina - Grupo 12,12,male,segona-nacional,https://www.rfetm.es/resultados/2023-2024/view.php?eqdat=14001
CIRCULO DE AMISTAD-TENERIFE,14003,14003,Segunda División Masculina - Grupo 12,12,male,segona-nacional,https://www.rfetm.es/resultados/2023-2024/view.php?eqdat=14003
ARUCAS TENIS DE MESA,13,13,Segunda División Masculina - Grupo 12,12,male,segona-nacional,https://www.rfetm.es/resultados/2023-2024/view.php?eqdat=13
CD DEDALOS TM SANTA CRUZ,1289,1289,Segunda División Masculina - Grupo 12,12,male,segona-nacional,https://www.rfetm.es/resultados/2023-2024/view.php?eqdat=1289
C.D. TENIS DE MESA TEMEGUESTE,1512,םv,Segunda División Masculina - Grupo 12,12,male,segona-nacional,https://www.rfetm.es/resultados/2023-2024/view.php?eqdat=1512
T.M.DEFENSE CAFE DON MANUEL,20191585,20191585,Segunda División Masculina - Grupo 12,12,male,segona-nacional,https://www.rfetm.es/resultados/2023-2024/view.php?eqdat=20191585
C.T.M. ACOROMA DE CANDELARIA,10181,10181,Segunda División Masculina - Grupo 12,12,male,segona-nacional,https://www.rfetm.es/resultados/2023-2024/view.php?eqdat=10181
JUVENTUD TENIS DE MESA,20233028,20233028,Segunda División Masculina - Grupo 12,12,male,segona-nacional,https://www.rfetm.es/resultados/2023-2024/view.php?eqdat=20233028
C.D. HIDRA LOS REALEJOS,2017363,2017363,Segunda División Masculina - Grupo 12,12,male,segona-nacional,https://www.rfetm.es/resultados/2023-2024/view.php?eqdat=2017363
C.D. PRAKAN JANALZA ASESORAMIENTO,10307,10307,Segunda División Masculina - Grupo 12,12,male,segona-nacional,https://www.rfetm.es/resultados/2023-2024/view.php?eqdat=10307
TEMESPIN LOS LLANOS DE ARIDANE,331,331,Segunda División Masculina - Grupo 12,12,male,segona-nacional,https://www.rfetm.es/resultados/2023-2024/view.php?eqdat=331
